Type inspection,Nom equipement,Date inspection
C6351B,RBI,31 dec 2019
C6351B,HIST,27 dec 2016
C6351B,NVISI,20 apr 2010
C6351B,XVISI,21 mei 2005
C6351B,HIST,01 mei 2000
E6301,RBI,31 dec 2019
E6301,HIST,20 mei 2018
E6301,HIST,01 jul 2015
E6301,HIST,21 apr 2015
E6301,HIST,08 apr 2015
E6301,HIST,19 mrt 2015
E6301,HIST,16 dec 2014
E6301,HIST,15 dec 2014
E6301,HIST,06 sep 2012
E6301,HIST,01 nov 2011
E6301,HIST,25 nov 2010
E6301,USTM,30 jan 2009
E6301,NVISU,12 okt 2007
E6301,XVISI,26 mei 2005
E6301,USTM,02 aug 2004
E6301,HIST,01 apr 2003
E6301,HIST,01 mei 2000
E6301,HIST,01 apr 1994
E6301,HIST,01 okt 1989
E6301,HIST,14 feb 1985
E6301,HIST,01 okt 1984
E6301,History Detail,14 jun 2021 04:48
E6301,HIST,01 nov 1980
E6301,HIST,01 okt 1976
E6301,HIST,01 jun 1973
E6301,HIST,01 jun 1970
E6301,HIST,01 dec 1967
E6302A/B/C/D,RBI,31 dec 2020
E6302A/B/C/D,HIST,27 mrt 2018
E6302A/B/C/D,HIST,01 nov 2011
E6302A/B/C/D,USTM,08 feb 2011
E6302A/B/C/D,XVISI,17 mei 2005
E6302A/B/C/D,HIST,01 mei 2000
E6302A/B/C/D,HIST,01 apr 1994
E6302A/B/C/D,HIST,01 okt 1989
E6302A/B/C/D,HIST,01 okt 1984
E6302A/B/C/D,HIST,01 okt 1980
E6302A/B/C/D,HIST,01 okt 1976
E6302A/B/C/D,HIST,01 jun 1973
E6302A/B/C/D,HIST,01 jun 1970
E6302A/B/C/D,HIST,01 dec 1967
E6304,RBI,31 dec 2019
E6304,HIST,04 apr 2019
E6304,XVISI,19 mei 2005
E6304,HIST,01 jun 2000
E6304,HIST,01 apr 1994
E6304,HIST,01 okt 1989
E6304,HIST,01 okt 1984
E6304,HIST,01 dec 1980
E6305,RBI,31 dec 2019
E6305,HIST,03 apr 2018
E6305,HIST,01 nov 2011
E6305,History Detail,14 jun 2021 04:48
E6305,HIST,01 mrt 2003
E6305,HIST,01 jun 2000
E6305,HIST,01 okt 1989
E6305,HIST,01 okt 1984
E6305,HIST,01 dec 1980
F6301A,RBI,31 dec 2021
F6301A,HIST,29 okt 2018
F6301A,HIST,20 mrt 2015
F6301A,HIST,01 nov 2011
F6301A,NVISI,10 apr 2009
F6301A,NVISU,17 mrt 2008
F6301A,NVISI,14 jun 2007
F6301A,HIST,01 jun 2001
F6301A,HIST,01 jun 1999
F6301A,HIST,01 dec 1996
F6301A,HIST,01 apr 1994
F6301A,HIST,01 nov 1993
F6301A,HIST,01 nov 1989
F6301A,HIST,01 okt 1984
F6301A,HIST,01 jun 1984
F6301A,HIST,10 okt 1980
F6301A,HIST,01 dec 1979
F6301A,HIST,01 sep 1976
F6301A,HIST,25 mei 1973
F6301A,HIST,01 jun 1970
F6301A,HIST,01 dec 1967
F6301B,RBI,31 dec 2020
F6301B,NVISU,25 jan 2007
F6301B,HIST,01 jun 2001
F6301B,HIST,01 jun 1999
F6301B,HIST,01 apr 1994
F6301B,HIST,01 okt 1993
F6301B,HIST,01 nov 1989
F6301B,HIST,01 nov 1986
F6301B,HIST,01 sep 1986
F6301B,HIST,01 okt 1984
F6301B,HIST,01 aug 1983
F6301B,HIST,01 dec 1980
F6302,RBI,31 dec 2019
F6302,HIST,22 mrt 2018
F6302,HIST,01 nov 2011
F6302,NVISU,24 jun 2010
F6302,NVISU,13 nov 2007
F6302,XVISI,10 jun 2005
F6302,HIST,01 mei 2000
F6302,HIST,01 apr 1994
F6302,HIST,01 okt 1993
F6302,HIST,01 nov 1989
F6302,HIST,01 feb 1988
F6302,HIST,01 okt 1984
F6302,HIST,10 okt 1980
F6302,HIST,01 mei 1980
F6302,HIST,01 sep 1976
F6302,HIST,01 feb 1976
F6302,HIST,25 mei 1973
F6302,HIST,22 feb 1973
F6302,HIST,16 feb 1971
F6302,HIST,01 jun 1970
F6302,HIST,01 nov 1969
F6302,HIST,01 mei 1969
F6302,HIST,01 dec 1967
F6303,RBI,31 dec 2019
F6305A,RBI,31 dec 2019
F6305A,HIST,03 apr 2018
F6305A,HIST,01 nov 2011
F6305A,NVISU,24 jun 2010
F6305A,XVISI,19 mei 2005
F6305A,HIST,01 mei 2000
F6305A,HIST,01 apr 1994
F6305A,HIST,01 okt 1993
F6305A,HIST,01 nov 1989
F6305A,History Detail,14 jun 2021 04:48
F6305A,HIST,01 jun 1984
F6305A,HIST,10 okt 1980
F6305A,HIST,01 mei 1980
F6305A,HIST,01 sep 1976
F6305A,HIST,22 jan 1976
F6305A,HIST,01 aug 1974
F6305A,HIST,25 mei 1973
F6305A,HIST,05 mrt 1973
F6305A,HIST,22 nov 1971
F6305A,HIST,01 nov 1971
F6305A,HIST,16 dec 1970
F6305A,HIST,01 jun 1970
F6305A,HIST,14 nov 1969
F6305A,HIST,09 sep 1969
F6305A,HIST,01 dec 1967
F6305B,RBI,31 dec 2019
F6305B,HIST,01 nov 2011
F6305B,XVISI,19 mei 2005
F6305B,HIST,01 mei 2000
F6305B,HIST,01 apr 1994
F6305B,HIST,01 aug 1993
F6305B,HIST,01 nov 1989
F6305B,HIST,01 okt 1984
F6305B,HIST,01 jun 1984
F6305B,HIST,10 okt 1980
F6305B,HIST,01 mei 1980
F6305B,HIST,01 sep 1976
F6305B,HIST,25 mei 1973
F6305B,HIST,17 feb 1973
F6305B,HIST,01 nov 1971
F6305B,HIST,01 jun 1970
F6305B,HIST,01 nov 1969
F6305B,HIST,01 dec 1967
F6307,RBI,31 dec 2019
F6307,HIST,01 nov 2011
F6307,USTM,25 jun 2010
F6307,NVISU,24 jun 2010
F6307,XVISI,10 jun 2005
F6307,XVISI,31 mei 2005
F6307,HIST,01 mei 2000
F6307,HIST,01 apr 1994
F6307,HIST,01 nov 1989
F6307,HIST,01 dec 1987
F6307,HIST,01 mei 1980
F6307,HIST,01 sep 1976
F6307,HIST,22 nov 1974
F6307,HIST,25 mei 1973
F6307,HIST,17 feb 1973
F6307,HIST,01 jun 1970
F6307,HIST,01 dec 1967
F6308,RBI,31 dec 2019
F6308,HIST,24 jun 2015
F6308,HIST,27 mei 2014
F6308,HIST,20 dec 2013
F6308,HIST,01 nov 2011
F6308,XVISI,20 mei 2005
F6308,HIST,01 apr 1994
F6308,HIST,01 nov 1989
F6308,HIST,01 okt 1984
F6308,HIST,01 sep 1976
F6308,HIST,25 mei 1973
F6308,HIST,01 jun 1970
F6308,HIST,01 dec 1967
F6309,RBI,31 dec 2019
F6309,HIST,21 mrt 2018
F6309,HIST,01 nov 2011
F6309,XVISI,21 okt 2009
F6309,HIST,01 apr 1994
F6309,HIST,01 nov 1989
F6309,HIST,01 okt 1984
F6309,HIST,01 dec 1979
F6309,HIST,01 sep 1976
F6309,HIST,25 mei 1973
F6309,HIST,01 jun 1970
F6309,HIST,01 dec 1967
F6316,RBI,31 dec 2019
F6316,NVISU,23 apr 2009
F6316,HIST,01 jun 2000
F6316,HIST,01 apr 1994
F6316,HIST,01 okt 1984
F6316,HIST,01 jun 1984
F6316,HIST,10 okt 1980
F6316,HIST,01 jun 1970
F6316,HIST,01 dec 1967
F6317A,RBI,31 dec 2019
F6317A,HIST,01 apr 1994
F6317A,HIST,01 nov 1989
F6317A,History Detail,14 jun 2021 04:48
F6317A,HIST,10 okt 1980
F6317A,HIST,01 mei 1980
F6317A,HIST,01 sep 1976
F6317A,HIST,25 mei 1973
F6317A,HIST,01 nov 1971
F6317B,RBI,31 dec 2019
F6317B,HIST,01 apr 1994
F6317B,HIST,01 nov 1989
F6317B,HIST,01 okt 1984
F6317B,HIST,10 okt 1980
F6317B,HIST,01 mei 1980
F6317B,HIST,01 sep 1976
F6317B,HIST,25 mei 1973
F6317B,HIST,01 nov 1971
F6318,RBI,31 dec 2019
F6318,HIST,22 mrt 2018
F6318,HIST,11 mei 2015
F6318,HIST,07 mei 2015
F6318,HIST,06 mei 2015
F6318,HIST,05 mei 2015
F6318,HIST,01 nov 2011
F6318,NVISU,23 apr 2009
F6318,HIST,15 mei 2005
F6318,HIST,01 mei 2000
F6318,History Detail,14 jun 2021 04:48
F6318,HIST,01 sep 1993
F6318,HIST,01 nov 1989
F6318,HIST,01 feb 1988
F6318,HIST,01 okt 1984
F6318,HIST,01 jun 1984
F6318,HIST,01 dec 1980
F6320,RBI,31 dec 2019
F6320,HIST,01 apr 1994
F6321,RBI,31 dec 2019
F6322,RBI,31 dec 2019
F6323,RBI,31 dec 2019
F6325,RBI,31 dec 2019
F6325,HIST,19 jan 2012
F6325,HIST,01 apr 1994
F6325,HIST,01 okt 1989
F6326,RBI,31 dec 2019
F6326,HIST,01 nov 2011
F6326,HIST,01 sep 1998
F6326,HIST,01 apr 1994
F6326,HIST,01 okt 1989
F6328,RBI,31 dec 2019
F6328,NVISI,05 mrt 2010
F6328,HIST,01 mrt 2000
F6329,HIST,13 jan 2021
F6329,RBI,31 dec 2019
F6329,HIST,24 feb 2014
F6351,RBI,31 dec 2019
F6351,HIST,01 nov 2011
F6351,XVISI,03 jun 2005
F6351,HIST,01 mei 2000
F6352,RBI,31 dec 2019
F6355,XWET,05 apr 2023
F6355,RBI,31 dec 2019
F6355,XWET,02 dec 2016
F6355,XWET,02 dec 2011
F6360,RBI,31 dec 2019
F6360,HIST,01 mrt 2015
L6308,RBI,31 dec 2019
L6308,HIST,17 mei 2018
L6308,HIST,01 nov 2011
L6309,RBI,31 dec 2019
L6309,HIST,17 mei 2018
L6309,HIST,05 nov 2011
L6326,RBI,31 dec 2019
